Workbook

Sheet Mitarbeiter
A1: PersNr | B1: Vorname | C1: Nachname | D1: Abteilung | E1: Standort | F1: Eintrittsdatum | G1: Geburtsdatum | H1: Gehalt_Jahr | I1: Wochenstunden | J1: Aktiv | K1: Email
A2: P101 | B2: Tim | C2: Schmidt | D2: Personal | E2: München | F2: 43903 | G2: 25991 | H2: 72000 | I2: 40 | J2: Nein | K2: tim.schmidt@firma.de
A3: P102 | B3: Clara | C3: Richter | D3: Vertrieb | E3: München | F3: 42049 | G3: 34373 | H3: 85000 | I3: 20 | J3: Ja | K3: clara.richter@firma.de
A4: P103 | B4: Ben | C4: Richter | D4: Personal | E4: Berlin | F4: 45310 | G4: 33977 | H4: 55000 | I4: 30 | J4: Ja | K4: ben.richter@firma.de
A5: P104 | B5: Uwe | C5: Wolf | D5: Vertrieb | E5: Berlin | F5: 45430 | G5: 28905 | H5: 61000 | I5: 30 | J5: Nein | K5: uwe.wolf@firma.de
A6: P105 | B6: Uwe | C6: Zimmermann | D6: IT | E6: München | F6: 45398 | G6: 34865 | H6: 94000 | I6: 30 | J6: Ja | K6: uwe.zimmermann@firma.de
A7: P106 | B7: Ola | C7: Becker | D7: IT | E7: Hamburg | F7: 42653 | G7: 36335 | H7: 48000 | I7: 20 | J7: Ja | K7: ola.becker@firma.de
A8: P107 | B8: Tim | C8: Klein | D8: Personal | E8: Köln | F8: 42961 | G8: 25875 | H8: 72000 | I8: 30 | J8: Ja | K8: tim.klein@firma.de
A9: P108 | B9: Clara | C9: Meyer | D9: Finanzen | E9: Hamburg | F9: 45507 | G9: 26800 | H9: 67000 | I9: 40 | J9: Ja | K9: clara.meyer@firma.de
A10: P109 | B10: Felix | C10: Klein | D10: Marketing | E10: München | F10: 44512 | G10: 25427 | H10: 48000 | I10: 40 | J10: Nein | K10: felix.klein@firma.de
A11: P110 | B11: Ola | C11: Koch | D11: Personal | E11: Hamburg | F11: 43294 | G11: 36197 | H11: 67000 | I11: 25 | J11: Ja | K11: ola.koch@firma.de
A12: P111 | B12: Clara | C12: Weber | D12: Vertrieb | E12: Köln | F12: 44369 | G12: 33699 | H12: 55000 | I12: 25 | J12: Ja | K12: clara.weber@firma.de
A13: P112 | B13: Noah | C13: Richter | D13: IT | E13: Berlin | F13: 45360 | G13: 31417 | H13: 72000 | I13: 40 | J13: Ja | K13: noah.richter@firma.de
... A26: P125 | B26: Noah | C26: Schwarz | D26: Marketing | E26: Köln | F26: 45041 | G26: 32281 | H26: 55000 | I26: 20 | J26: Ja | K26: noah.schwarz@firma.de

Sheet Zeiterfassung
A1: Datum | B1: PersNr | C1: Projekt | D1: Stunden | E1: Stundensatz | F1: Abrechenbar
A2: 45461 | B2: P119 | C2: Onboarding | D2: 3.7 | E2: 120 | F2: Nein
A3: 45330 | B3: P117 | C3: Onboarding | D3: 0.6 | E3: 110 | F3: Ja
A4: 45447 | B4: P101 | C4: CRM-Migration | D4: 1.8 | E4: 110 | F4: Ja
A5: 45322 | B5: P118 | C5: Website-Relaunch | D5: 2.9 | E5: 120 | F5: Ja
A6: 45415 | B6: P125 | C6: Website-Relaunch | D6: 7.1 | E6: 75 | F6: Nein
A7: 45362 | B7: P102 | C7: Website-Relaunch | D7: 4.3 | E7: 120 | F7: Nein
A8: 45308 | B8: P115 | C8: Messe 2024 | D8: 5.1 | E8: 120 | F8: Ja
A9: 45343 | B9: P123 | C9: Messe 2024 | D9: 3.9 | E9: 120 | F9: Ja
A10: 45421 | B10: P108 | C10: Support | D10: 4.4 | E10: 95 | F10: Ja
A11: 45343 | B11: P115 | C11: CRM-Migration | D11: 3.6 | E11: 110 | F11: Ja
A12: 45310 | B12: P122 | C12: CRM-Migration | D12: 3.7 | E12: 85 | F12: Ja
A13: 45323 | B13: P125 | C13: CRM-Migration | D13: 7.5 | E13: 95 | F13: Nein
... A121: 45401 | B121: P104 | C121: Website-Relaunch | D121: 2.5 | E121: 75 | F121: Nein

Sheet Aufgaben
A1: # | B1: Aufgabe | C1: Excel-Fähigkeit die getestet wird
A2: 1 | B2: Wie viele Mitarbeiter sind aktiv (Spalte Aktiv = 'Ja')? | C2: ZÄHLENWENN
A3: 2 | B3: Durchschnittsgehalt der Abteilung 'IT'? | C3: MITTELWERTWENN / AVERAGEIF
A4: 3 | B4: Gesamtgehaltskosten aller aktiven Mitarbeiter am Standort München? | C4: SUMMEWENNS (2 Kriterien)
A5: 4 | B5: Wer ist der/die dienstälteste Mitarbeiter:in? (frühestes Eintrittsdatum) | C5: MIN Datum + INDEX/VERGLEICH
A6: 5 | B6: Wie alt ist jede:r Mitarbeiter:in heute? (neue Spalte) | C6: DATEDIF / Datumsdifferenz
A7: 6 | B7: Wie viele Dienstjahre hat jede:r? (heute − Eintrittsdatum) | C7: Datumsdifferenz in Jahren
A8: 7 | B8: Berechne den Stundenlohn (Jahresgehalt / (Wochenstunden×52)) | C8: Formel mit Division
A9: 8 | B9: Erstelle einen Nachweis: Vollständiger Name = Vorname + ' ' + Nachname | C9: VERKETTEN / Textfunktion
A10: 9 | B10: Extrahiere die Domain aus der Email (nach dem @) | C10: TEIL/FINDEN oder TEXTNACH
A11: 10 | B11: Wie viele abrechenbare Stunden gesamt (Abrechenbar='Ja')? | C11: SUMMEWENN über anderes Blatt
A12: 11 | B12: Umsatz je Projekt = Summe(Stunden × Stundensatz) nur wenn abrechenbar | C12: SUMMENPRODUKT bedingt
A13: 12 | B13: Verknüpfe Zeiterfassung mit Mitarbeitername über PersNr | C13: SVERWEIS / XVERWEIS
... A21: 20 | B21: Was wäre die Gehaltssumme bei 3% Erhöhung für alle Aktiven? | C21: Szenario-Rechnung

Sheet Lösungen
A1: # | B1: Aufgabe | C1: Lösung (Formel) | D1: Ergebnis-Format
A2: 1 | B2: Aktive Mitarbeiter | C2: =COUNTIF(Mitarbeiter!J2:J26,"Ja") -> 19 | D2: 0
A3: 2 | B3: Ø Gehalt IT | C3: =AVERAGEIF(Mitarbeiter!D2:D26,"IT",Mitarbeiter!H2:H26) -> 77500 | D3: €
A4: 3 | B4: Gehaltssumme aktiv & München | C4: =SUMIFS(Mitarbeiter!H2:H26,Mitarbeiter!J2:J26,"Ja",Mitarbeiter!E2:E26,"München") -> 430000 | D4: €
A5: 4 | B5: Dienstälteste:r (Name) | C5: =INDEX(Mitarbeiter!B2:B26,MATCH(MIN(Mitarbeiter!F2:F26),Mitarbeiter!F2:F26,0))&" "&INDEX(Mitarbeiter!C2:C26,MATCH(MIN(Mitarbeiter!F2:F26),Mitarbeiter!F2:F26,0)) -> Emma Koch | D5: Text
A6: 4 | B6: frühestes Eintrittsdatum | C6: =MIN(Mitarbeiter!F2:F26) -> 42030 | D6: Datum
A7: 5 | B7: Alter Beispiel Zeile 2 (Jahre) | C7: =DATEDIF(Mitarbeiter!G2,TODAY(),"Y") -> 55 | D7: 0
A8: 6 | B8: Dienstjahre Beispiel Zeile 2 | C8: =DATEDIF(Mitarbeiter!F2,TODAY(),"Y") -> 6 | D8: 0
A9: 7 | B9: Stundenlohn Zeile 2 | C9: =Mitarbeiter!H2/(Mitarbeiter!I2*52) -> 34.615385 | D9: €
A10: 8 | B10: Voller Name Zeile 2 | C10: =Mitarbeiter!B2&" "&Mitarbeiter!C2 -> Tim Schmidt | D10: Text
A11: 9 | B11: Email-Domain Zeile 2 | C11: =MID(Mitarbeiter!K2,FIND("@",Mitarbeiter!K2)+1,100) -> firma.de | D11: Text
A12: 10 | B12: Abrechenbare Stunden gesamt | C12: =SUMIF(Zeiterfassung!F2:F121,"Ja",Zeiterfassung!D2:D121) -> 347.2 | D12: 0.0
A13: 11 | B13: Umsatz Projekt 'Support' (abrechenbar) | C13: =SUMPRODUCT((Zeiterfassung!C2:C121="Support")*(Zeiterfassung!F2:F121="Ja")*Zeiterfassung!D2:D121*Zeiterfassung!E2:E121) -> 7425.5 | D13: €
A14: 12 | B14: Name zu erster PersNr Zeiterfassung | C14: =VLOOKUP(Zeiterfassung!B2,Mitarbeiter!A2:C26,2,FALSE())&" "&VLOOKUP(Zeiterfassung!B2,Mitarbeiter!A2:C26,3,FALSE()) -> Paul Hoffmann | D14: Text
A15: 13 | B15: Höchste Gehaltssumme: Vertrieb | C15: =SUMIF(Mitarbeiter!D2:D26,"Vertrieb",Mitarbeiter!H2:H26) -> 285000 | D15: €
A16: 13 | B16: IT | C16: =SUMIF(Mitarbeiter!D2:D26,"IT",Mitarbeiter!H2:H26) -> 620000 | D16: €
A17: 13 | B17: Marketing | C17: =SUMIF(Mitarbeiter!D2:D26,"Marketing",Mitarbeiter!H2:H26) -> 151000 | D17: €
A18: 13 | B18: Finanzen | C18: =SUMIF(Mitarbeiter!D2:D26,"Finanzen",Mitarbeiter!H2:H26) -> 272000 | D18: €
A19: 13 | B19: Personal | C19: =SUMIF(Mitarbeiter!D2:D26,"Personal",Mitarbeiter!H2:H26) -> 266000 | D19: €
A20: 14 | B20: Gehaltsrang Zeile 2 | C20: =RANK(Mitarbeiter!H2,Mitarbeiter!H2:H26,0) -> 6 | D20: 0
A21: 15 | B21: Median Gehalt | C21: =MEDIAN(Mitarbeiter!H2:H26) -> 61000 | D21: €
A22: 15 | B22: 90.-Perzentil | C22: =PERCENTILE(Mitarbeiter!H2:H26,0.9) -> 90400 | D22: €
A23: 16 | B23: Gehaltskategorie Zeile 2 | C23: =IF(Mitarbeiter!H2<50000,"niedrig",IF(Mitarbeiter!H2<=70000,"mittel","hoch")) -> hoch | D23: Text
A24: 17 | B24: Anzahl doppelter Emails | C24: =SUMPRODUCT((COUNTIF(Mitarbeiter!K2:K26,Mitarbeiter!K2:K26)>1)*1) -> 2 | D24: 0
A25: 18 | B25: Projekteinträge am Wochenende | C25: =SUMPRODUCT((WEEKDAY(Zeiterfassung!A2:A121,2)>5)*1) -> 28 | D25: 0
A26: 19 | B26: Abrechenbarer Umsatz Januar | C26: =SUMPRODUCT((MONTH(Zeiterfassung!A2:A121)=1)*(Zeiterfassung!F2:F121="Ja")*Zeiterfassung!D2:D121*Zeiterfassung!E2:E121) -> 6142.5 | D26: €
A27: 20 | B27: Gehaltssumme aktiv +3% | C27: =SUMIF(Mitarbeiter!J2:J26,"Ja",Mitarbeiter!H2:H26)*1.03 -> 1293680 | D27: €
